{
  "best_result": {
    "t1": 0.55,
    "t2": 0.85,
    "avg_tokens": 1100.0,
    "avg_performance": 0.6377750000000001,
    "qc_ratio": 0.5797954545454546
  },
  "summary": {
    "optimal_t1": 0.55,
    "optimal_t2": 0.85,
    "max_qc_ratio": 0.5797954545454546,
    "performance_retention": 0.6377750000000001,
    "token_savings": 0.56
  }
}